sl.num,Grid Number,City name,Road_length,Network Density ,CA, NP , LPI , CLUMPY , AI , NLSI,population
1,G1,New Delhi,1898.331177,17.51392436,4054.11,5299,3.782,0.6808,79.607,0.2039,249998
2,G2,Belgaum,1313.717944,11.08439612,1534.05,5999,0.2348,0.6374,68.4216,0.3158,488157
3,G3,Gulbarga,1714.513607,14.5741595,2377.14,5722,0.8446,0.6529,72.1841,0.2782,483615
4,G4,Jamnagar,1454.757045,12.76456268,2141.93,3003,1.8571,0.7332,78.2721,0.2173,479920
5,G5,Dhulia,1164.130948,10.1063499,1608.71,4145,0.6299,0.6927,73.5657,0.2643,479073
6,G6,Gaya,417.6802901,3.727731551,1383.48,2077,4.9016,0.7827,80.8771,0.1912,474093
7,G7,Jalgaon,418.2077478,3.633418881,1952.07,2194,1.5333,0.7572,79.8241,0.2018,460468
8,G8,Kurnool,872.2892714,7.358293051,1683.16,3103,1.1374,0.7138,75.337,0.2466,457633
9,G9,Udaipur,888.9016838,7.922950447,2945.44,3898,6.9557,0.6994,77.7019,0.223,451100
10,G10,Bellary,1195.320208,10.05134608,1420,3717,1.1636,0.6875,72.419,0.2758,445388
11,G11,Sangli,888.1495621,7.531253414,1001.88,5968,0.1357,0.6405,67.1026,0.329,436639
12,G12,Tuticorin,591.6703764,4.862303641,2040.25,3974,0.798,0.7269,77.2035,0.228,436094
13,G13,Calicut,572.7026436,4.741422451,1550.06,5955,0.4843,0.6763,71.768,0.2823,431560
14,G14,Akola,993.5261723,8.615939738,1365.85,3514,1.2448,0.6924,72.8026,0.272,425817
15,G15,Bhagalpur,213.5649872,1.91363486,1304.43,2051,1.9831,0.7767,80.2847,0.1972,410210
16,G16,Quilon,1010.23171,8.304247186,2200.77,7301,1.7836,0.6586,71.9946,0.2801,397419
17,G17,Sikar,526.7465034,4.815485734,2193.4,4603,3.6032,0.7189,77.5325,0.2247,400000
18,G18,Bhatpara,608.582381,5.35503195,2027.85,5715,0.9992,0.6678,72.603,0.274,386019
19,G19,Kakinada,933.4990401,7.918531426,1398.63,3412,0.5967,0.6963,73.1961,0.268,384182
20,G20,Bhilwara,396.11852,3.552258931,1859.6,3355,4.4436,0.685,73.7399,0.2626,389911
21,G21,Nizamabad,1117.741374,9.571890025,1576.07,2535,4.5636,0.7211,75.7592,0.2424,388505
22,G22,Panihati,1503.371934,13.21172495,4837.6,4160,10.0918,0.65,79.6459,0.2035,377347
23,G23,Parbhani,833.9218709,7.166508759,1081.38,1998,2.2502,0.7052,73.2068,0.2679,378326
24,G24,Rohtak,727.8642906,6.733292069,1804.97,2600,3.2068,0.7367,77.9677,0.2203,374292
25,G25,Latur,1274.815281,10.90018788,1625.76,3615,1.7094,0.6885,73.1172,0.2688,374394
26,G26,Rajapalaiyam,353.8419123,2.912896091,1023.58,2415,1.4094,0.7346,75.6605,0.2434,369991
27,G27,Ahmadnagar,1148.113191,9.85565617,1725.65,4116,1.7558,0.7094,75.2427,0.2476,350859
28,G28,Rajahmundry,879.2457735,7.460257083,1608.74,3249,1.184,0.7137,75.2503,0.2475,341831
29,G29,Cuddapah,453.1061119,3.798436826,1190.51,2596,0.6552,0.7154,74.323,0.2568,344893
30,G30,Muzaffarpur,650.9420731,5.874541358,2740.06,3681,2.3474,0.7387,80.183,0.1982,333200
31,G31,Alwar,1237.129164,11.30519934,2025.19,3883,1.923,0.6639,72.4638,0.2754,341422
32,G32,Brahmapur,676.4528069,5.814980434,1577.09,2554,7.5264,0.7715,80.1788,0.1982,324726
33,G33,Kamarhati,1534.410968,13.48257586,5268.61,3703,8.8614,0.6558,81.2639,0.1874,330211
34,G34,Mathura,989.0003229,9.032648891,2056.51,3552,2.6842,0.6941,74.9212,0.2508,330511
35,G35,Patiala,1145.084294,10.74013166,2487.25,4100,3.9554,0.6996,76.8227,0.2318,329224
36,G36,Saugor,210.3228472,1.863845575,957.31,1963,1.558,0.7713,79.0074,0.2099,328240
37,G37,Bijapur,1372.551405,11.63630443,826.17,6169,0.1104,0.617,64.3755,0.3562,327427
38,G38,Shahjanpur,308.1610186,2.823997115,1420.75,1566,3.3884,0.7769,80.5541,0.1945,320434
39,G39,Junagadh,855.3477453,7.456182294,1312.21,2309,1.3989,0.7339,76.3833,0.2362,320250
40,G40,Trichur,1552.325036,12.82110772,2313.38,11989,0.4017,0.6023,67.7894,0.3221,315596
41,G41,Barddhaman,409.8158985,3.616097909,1748.05,2929,6.8942,0.741,78.0579,0.2194,314265
42,G42,Purnea,307.2812217,2.765289772,1589.46,3023,4.2359,0.7473,78.3231,0.2168,310817
43,G43,Sambalpur,722.7509894,6.298220689,1071.3,2811,0.8823,0.709,73.5217,0.2648,310852
44,G44,Firozabad,428.8098652,3.904165258,1682.94,1851,4.2846,0.7473,78.4449,0.2156,306409
45,G45,Hisar,798.7663568,7.406655904,2120.29,3805,2.9468,0.7321,78.424,0.2158,307024
46,G46,Rampur,273.9741341,2.531795732,1316.58,1459,6.0449,0.7819,80.7613,0.1924,296418
47,G47,Bali,1249.045201,10.97355862,4754.73,3966,6.4956,0.7015,82.4344,0.1757,293373
48,G48,Panipat,1045.053795,9.712172737,3028.68,2835,7.2473,0.7272,80.1702,0.1983,292808
49,G49,Aizawl,191.6863828,1.697457807,501.97,2462,0.5281,0.6791,69.3381,0.3066,293416
50,G50,Karimnagar,1089.234079,9.31513126,1988.36,2324,7.9123,0.7391,78.259,0.2174,289821
51,G51,Bhuj,500.057433,4.412376256,303.41,1811,0.2653,0.702,70.9877,0.2901,289429
52,G52,Ichalkaranji,882.2374927,7.474720064,826.17,6169,0.1104,0.617,64.3755,0.3562,287570
53,G53,Hospet,660.5024919,5.55710877,587.27,2183,0.7451,0.697,71.1778,0.2882,286007
54,G54,Bhatinda,431.2404508,4.04042796,2118.06,4830,4.3369,0.7079,76.5926,0.2341,285813
55,G55,Sannai,89.93079299,0.798951477,144.35,767,0.3258,0.7174,72.1017,0.279,283004
56,G56,Barasat,705.9510118,6.205269171,2065.71,6293,7.7936,0.6676,72.6841,0.2732,278435
57,G57,Ratlam,735.9446396,6.49694464,1262.03,1803,2.7052,0.7791,80.3743,0.1963,273892
58,G58,Drug,1189.521081,10.34643356,1846.35,3383,2.1021,0.7306,77.3828,0.2262,268806
59,G59,Handwara,317.8134619,3.115841684,376.32,1877,0.2326,0.6768,68.8605,0.3114,269311
60,G60,Imphal,602.6927705,5.381907323,3633.68,2192,8.8117,0.7755,84.754,0.1525,264986
61,G61,Anantapur,1211.62188,10.16689352,1613.19,3944,1.6646,0.6856,72.7254,0.2727,267161
62,G62,Etawah,177.3380883,1.609494858,1144.3,2096,2.5384,0.7407,76.6858,0.2331,257448
63,G63,Raichur,709.9190324,5.999661902,1015.88,2527,1.037,0.7331,75.5468,0.2445,255240
64,G64,Bharatpur,600.9860672,5.474996832,1533.28,2148,1.289,0.7297,76.6046,0.234,252342
65,G65,Begusarai,193.6379183,1.737465282,1427.67,2740,2.1975,0.754,78.5208,0.2148,252008
66,G66,Sonipat,745.3496943,6.901293843,1570.59,2239,4.566,0.7202,75.963,0.2404,250521
67,G67,Shrirampur,1221.514896,10.73934861,3218,4405,6.6698,0.6846,77.2384,0.2276,181842
68,G68,Hapur,199.6384565,1.844092757,1057.71,1254,4.0427,0.7378,76.2223,0.2378,242920
69,G69,Ramgundam,256.3117131,2.196595047,652.76,2184,0.6717,0.7157,73.1377,0.2686,242979
70,G70,Uluberiya,159.9153871,1.403155248,405.45,5019,0.0875,0.5737,58.8707,0.4113,235345
71,G71,Puducherry,1077.376127,8.940807519,2027.65,3303,5.2149,0.6996,74.9889,0.2501,227411
72,G72,Porbandar,351.183397,3.063843284,1174.85,2731,1.2719,0.7288,75.6484,0.2435,234684
73,G73,Vizianagaram,943.523064,8.054654787,1028.22,4041,1.3589,0.6688,69.7101,0.3029,228720
74,G74,Pali,454.1255237,4.086520504,1577.33,2525,3.359,0.7372,77.3672,0.2263,229956
75,G75,Nadiad,425.7475149,3.741762201,1138.65,2425,0.8373,0.7574,78.1013,0.219,225132
76,G76,Nagercoil,995.0495172,8.164550266,1272.27,6596,0.8761,0.6466,68.3136,0.3169,224329
77,G77,Karnal,849.1036196,7.91385894,1744.24,3133,4.2808,0.7095,75.5299,0.2447,225049
78,G78,Puri,537.6509883,4.635249817,759.23,2106,2.8629,0.7073,72.6182,0.2738,201026
79,G79,Tanjore,1138.917151,9.415083537,1616.92,4799,0.8591,0.6767,71.9507,0.2805,222943
80,G80,Secunderabad,2791.517423,23.7439643,5184.38,4730,6.7104,0.6686,81.1057,0.1889,213698
81,G81,Sambhal,254.3166989,2.345574237,830.96,930,2.3998,0.7836,79.9541,0.2005,220813
82,G82,Shiliguri,1198.835926,10.87432714,3188.91,6322,4.1895,0.6574,75.4513,0.2455,218718
83,G83,Naihati,566.0742465,4.982189017,2397.17,6398,0.9371,0.6593,72.9943,0.2701,217900
84,G84,Shimla,312.2360571,2.951960622,279.27,2197,0.1887,0.639,64.8138,0.3519,206575
85,G85,Kharagpur,233.4051746,2.045969679,1382.91,5050,1.156,0.7093,74.4488,0.2555,207604
86,G86,Dindigul,1211.690089,10.002969,1638.76,5127,1.0768,0.6637,70.8413,0.2916,207327
87,G87,Ingraj Bazar,247.6679621,2.21477546,1167.52,2519,2.1351,0.7269,75.4991,0.245,205521
88,G88,Ongole,852.251637,7.178219027,1019.83,2016,2.2934,0.7054,73.0518,0.2695,204746
89,G89,Ellore,949.1227861,8.04188363,1082.71,3733,1.1616,0.6668,69.741,0.3026,203780
90,G90,Haldia,382.2181682,3.343441089,587.16,2675,1.187,0.7383,75.158,0.2484,200827
91,G91,Gurgaon,2242.411625,20.65691074,4683.56,3791,10.6126,0.6746,81.062,0.1894,197340
92,G92,Bulandshahr,224.2220835,2.064560151,1046.69,1594,1.7522,0.7541,77.6808,0.2232,198612
93,G93,Baharampur,221.024142,1.962693656,1167.69,4428,2.132,0.6906,72.2204,0.2778,195223
94,G94,Chakradharpur,95.03117908,0.835199411,383.69,1925,0.7777,0.6858,69.6225,0.3038,197953
95,G95,Madhyamgram,1060.085537,9.316761352,3052.04,6524,8.1932,0.6485,74.1171,0.2588,196127
96,G96,Burhanpur,546.9786736,4.76108061,896.08,1231,1.4783,0.8045,81.9513,0.1805,197233
97,G97,Khammam,1239.282734,10.52982669,1680.22,4396,4.8374,0.6931,73.666,0.2633,196283
98,G98,Bhiwani,535.6923405,4.950115891,1484.25,2580,3.9957,0.7552,78.8182,0.2118,197662
99,G99,Ghandinagar,1305.082616,11.51314478,1479.04,3766,0.5378,0.7111,74.7633,0.2524,195891
100,G100,Hugli,567.7497558,4.996935676,2499,6436,1.4843,0.6491,72.5004,0.275,179931
101,G101,Mahbubnagar,750.9592254,6.363553836,1105.43,2049,4.9741,0.7522,77.4727,0.2253,190400
102,G102,Nandyal,272.8876964,2.298659593,525.48,1143,1.2882,0.7359,74.7317,0.2527,188654
103,G103,Raiganj,192.5642006,1.730603107,664.09,3385,0.4301,0.6686,68.807,0.3119,183612
104,G104,Barakpur,1397.847139,12.28963132,3547.81,5427,5.0683,0.657,76.2223,0.2378,152783
105,G105,Mahesana,456.011818,4.03413985,1541.17,2244,0.8755,0.758,78.9886,0.2101,184991
106,G106,Batala,360.3382545,3.432342637,1211.14,2428,1.6145,0.7607,78.8267,0.2117,183314
107,G107,Bhusaval,662.2500759,5.753800473,694.99,3053,0.2193,0.6934,71.1757,0.2882,183001
108,G108,Bahraigh,276.1291897,2.52350724,1110.96,1776,3.6893,0.7746,79.7301,0.2027,182218
109,G109,Tonk,223.9317412,2.02142793,779.81,1599,2.4637,0.7519,76.9207,0.2308,181734
110,G110,Sirsa,482.7183536,4.49076532,1086.18,1879,2.5998,0.7722,79.5305,0.2047,181639
111,G111,Jaunpur,269.9773989,2.428650155,1247.49,3615,3.0977,0.7434,77.1487,0.2285,180362
112,G112,Dam Dam,2069.024687,18.17365803,5926.08,3765,15.1572,0.6448,82.669,0.1815,114786
113,G113,Madanapalle,746.6966893,6.23532889,640.56,2748,0.3196,0.6756,69.2598,0.3074,180180
114,G114,Alleppey,552.7388,4.551285523,979.12,7658,0.3336,0.6272,65.7071,0.3429,176783
115,G115,Vellore,585.0355975,4.873079395,1926.1,3742,1.5431,0.7182,76.2891,0.2371,177081
116,G116,Titagarh,1459.956109,12.83476494,3781.86,5057,5.3396,0.6601,77.1177,0.2288,116541
117,G117,Chandannagar,683.6913474,6.015930009,2589.13,6457,2.7476,0.6468,72.5978,0.274,166867
118,G118,Cuddalore,987.4803003,8.189533218,1295.15,4670,1.0388,0.6656,70.1227,0.2988,173676
119,G119,Chirala,370.7376276,3.12736526,886.48,2258,2.0988,0.6641,68.914,0.3109,172826
120,G120,Deo,94.16195361,0.839761459,199.58,1063,0.1876,0.6786,68.4076,0.3159,173216
121,G121,Bidar,743.6804226,6.341028935,698.2,1409,2.2481,0.7577,77.211,0.2279,172298
122,G122,Machilipatnam,700.6651316,5.921089522,792.76,2565,2.251,0.6398,66.3911,0.3361,169892
123,G123,Medinipur,462.8251848,4.059944855,975.82,3464,1.4584,0.6951,72.1213,0.2788,169264
124,G124,Baramula,304.583544,2.979163501,569.94,1703,0.619,0.7152,73.0931,0.2691,167986
125,G125,Fatehpur,124.1049669,1.117774438,627.04,1250,1.7582,0.7522,76.6154,0.2338,166480
126,G126,Tenali,733.767297,6.20252885,773.09,2508,0.5254,0.685,70.5591,0.2944,164937
127,G127,Udipi,916.7166845,7.648314233,1622.23,9219,0.5406,0.6397,68.8503,0.3115,165401
128,G128,Sitalpur,65.8843012,0.602407902,201.228,830,0.081,0.7018,70.7262,0.2927,164435
129,G129,Conjeeveram,1000.437922,8.33028863,1386.6,3705,5.2186,0.7188,75.1055,0.2489,164384
130,G130,Proddatur,563.8160854,4.732048753,958.16,2056,3.7297,0.7242,74.5948,0.2541,163970
131,G131,Navsari,175.9424185,1.526943714,194.75,1339,0.1039,0.6662,67.1658,0.3283,163000
132,G132,Godhra,261.3346181,2.298056261,913.07,2146,0.7358,0.7651,78.3665,0.2163,161925
133,G133,Budaun,238.2781967,2.186553235,707.84,823,3.3414,0.7743,78.8549,0.2115,161555
134,G134,Chittoor,415.5395167,3.46507518,952.56,3056,0.8318,0.7142,73.6611,0.2634,160722
135,G135,Krishnanagar,351.725557,3.106951494,829.58,4280,0.9712,0.6557,68.039,0.3196,153062
136,G136,Bharuch,266.6257843,2.326958181,1419.37,1607,1.3066,0.7791,80.5725,0.1943,158253
137,G137,Saharsa,190.6341889,1.716976546,1092.48,2684,2.2792,0.7494,77.397,0.226,156540
138,G138,Haripur,192.4902592,1.827763293,442.7,1752,0.1964,0.7131,72.494,0.2751,158142
139,G139,Pathankot,541.1003692,5.179088927,1104.42,3699,1.4949,0.7111,74.1385,0.2586,155909
140,G140,Vidisha,146.1931408,1.292575619,698.2,1409,2.2481,0.7577,77.211,0.2279,155959
141,G141,Nalgonda,961.051441,8.157199409,1077.42,2456,4.8165,0.71,73.6141,0.2639,154326
142,G142,Balurghat,337.8231128,3.026230712,403.15,2831,0.4183,0.6363,64.9137,0.3509,153279
143,G143,Dibrugarh,403.731481,3.686661884,265.49,2786,0.0394,0.598,60.7443,0.3926,154019
144,G144,Veraval,157.4024242,1.36648199,773.85,1678,0.7068,0.7569,77.3015,0.227,153696
145,G145,Fyzabad,483.4974673,4.386826283,1669.21,3084,1.621,0.7491,78.6547,0.2135,153047
146,G146,Silchar,400.7090681,3.577404086,1363.01,4617,2.5773,0.7005,73.6834,0.2632,152393
147,G147,Shantipur,205.7527086,1.815502869,700.69,3923,0.9131,0.6512,67.2361,0.3276,151777
148,G148,Hindupur,262.8876668,2.197805542,714.47,2144,1.3486,0.7195,73.5914,0.2641,151677
149,G149,Erode,1227.188183,10.1631309,3318.04,5014,2.3823,0.7016,78.2052,0.2179,151184
150,G150,Beawar,315.9401845,2.85080685,1490.76,3768,4.5038,0.7196,75.6963,0.243,151472
151,G151,Mauli,1668.40986,15.71166892,2951.7,4254,0.6176,0.6808,76.7098,0.2329,146213
152,G152,Habra,242.3620162,2.132027015,366.7,4348,0.3551,0.5725,58.6044,0.414,147221
153,G153,Ambala,943.8396525,8.857751756,1688.96,3288,2.3968,0.6893,73.7075,0.2629,146787
154,G154,Etah,126.3509773,1.155280177,240.89,824,0.0629,0.6937,70.0169,0.2998,145601
155,G155,Shillong,408.1377429,3.666725906,1468.66,3154,3.0767,0.7122,74.9694,0.2503,143229
156,G156,Kolar,839.6136384,6.999460192,683.18,2977,0.3561,0.6657,68.4314,0.3157,144625
157,G157,Bhimavaram,746.2860531,6.317524567,754.11,3051,0.52,0.7054,72.412,0.2759,142184
158,G158,Mandsaur,468.2249543,4.155618791,537.27,1152,1.6257,0.7663,77.7475,0.2225,141667
159,G159,Kumbakonam,986.9649359,8.163759383,1179.45,4671,1.0391,0.6593,69.2262,0.3077,139264
160,G160,Chicacole,693.416561,5.925630995,947.96,2206,1.4919,0.7312,75.235,0.2477,137944
161,G161,Tiruvannamalai,918.0687254,7.627944478,844.19,3195,0.9283,0.6981,71.9041,0.281,138243
162,G162,Mandya,898.1224238,7.469576792,903.68,2948,0.5665,0.6937,71.6422,0.2836,137358
163,G163,Bankura,280.4538193,2.474644037,1064.27,2296,3.3969,0.7298,75.5166,0.2448,137386
164,G164,Gondia,358.6793127,3.125187893,1094.13,1863,1.84,0.7488,77.2579,0.2274,132821
165,G165,Hassan,1163.757566,9.696780475,1274.53,4336,0.5764,0.6865,71.9569,0.2804,133436
166,G166,Pilibhit,189.5753712,1.749331025,623.59,839,1.0695,0.7594,77.2996,0.227,131008
167,G167,Palghat,772.8414798,6.388416152,1858.6,7591,0.9505,0.6498,70.302,0.297,130955
168,G168,Palakollu,335.3586306,2.838906581,441.19,2264,0.2797,0.6674,67.9766,0.3202,129717
169,G169,Abohar,161.6152111,1.512826157,192.2,864,0.1927,0.7402,74.4851,0.2551,130603
170,G170,Kanchrapara,486.7887805,4.286538918,1693.04,6852,0.5884,0.6402,69.2899,0.3071,129576
171,G171,Hanumangarh,484.404231,4.510507132,1170.36,2151,1.2666,0.7492,77.6273,0.2237,129654
172,G172,Hathras,169.5964247,1.550275763,967.98,1337,3.2178,0.7585,77.8922,0.2211,126882
173,G173,Basirhat,133.072353,1.169174748,225.87,2952,0.0748,0.5652,57.3686,0.4263,125254
174,G174,Navadwip,325.5806537,2.876188574,793.99,4176,1.7415,0.6628,68.5997,0.314,125543
175,G175,Guntakal,486.9019122,4.094694399,478.08,1695,0.3644,0.7015,71.3274,0.2867,126270
176,G176,Halisahar,547.1172873,4.817080276,2099.83,7494,1.5618,0.6362,70.2347,0.2977,124939
177,G177,Rishra,1322.757613,11.62613397,4062.71,4514,6.9837,0.6702,78.5971,0.214,124577
178,G178,Baidyabati,597.5284716,5.254871987,1632.15,4525,1.7872,0.6823,72.7264,0.2727,121110
179,G179,Dharmavaram,554.8096333,4.649958546,465.68,1584,0.5267,0.6783,69.0564,0.3094,121874
180,G180,Ghazipur,162.57098,1.460650457,1189.34,2388,2.9467,0.7657,78.9858,0.2101,121020
181,G181,Puruliya,230.8424288,2.038133759,723.72,1796,3.5892,0.7316,74.8656,0.2513,121067
182,G182,Darjeeling,786.2095622,7.151131553,246.77,3064,0.1212,0.5401,55.0195,0.4498,118805
183,G183,Gudivada,577.7759037,4.888493973,545.54,2531,0.6451,0.6619,67.7522,0.3225,118167
184,G184,Sopur,439.4539187,4.303361968,902.22,1851,1.1376,0.7304,75.4091,0.2459,118608
185,G185,Adilabad,762.8663593,6.57154261,806.13,1960,1.8892,0.7298,74.803,0.252,117167
186,G186,Narasaraopet,254.0003026,2.146987925,700.14,1650,1.7936,0.7087,72.5824,0.2742,116250
187,G187,Yavatmal,953.0077344,8.246964206,1260.05,2906,1.005,0.714,74.4142,0.2559,116551
188,G188,Chittaurgarh,611.8528678,5.46670363,1063.62,2984,0.6627,0.7233,74.9438,0.2506,116406
189,G189,Bansbaria,409.3990836,3.605064815,1535.15,6443,0.5904,0.6451,69.2345,0.3077,103920
190,G190,Siddipet,508.9307625,4.344229108,775.99,2018,2.663,0.739,75.5891,0.2441,114091
191,G191,Valparai,318.0637916,2.625343283,88.54,629,0.263,0.6856,68.7882,0.3121,114308
192,G192,Osmanabad,322.2674538,2.751896105,710.44,1347,0.6774,0.7508,76.5757,0.2342,112085
193,G193,Champdani,1126.012517,9.903253239,2484.43,6723,3.895,0.646,72.2057,0.2779,111251
194,G194,Khardah,1502.433325,13.20630332,4011.79,5143,7.2529,0.6538,77.3928,0.2261,108496
195,G195,Bangaon,209.5058119,1.846192713,296.05,2778,0.7978,0.6252,63.4808,0.3652,108864
196,G196,Tadpatri,179.0927917,1.50432343,1031.73,1217,2.5555,0.7942,81.1534,0.1885,108171
197,G197,Islamabad,292.6788087,2.847237269,965.17,2601,2.319,0.7252,75.0987,0.249,108505
198,G198,Jalpaiguri,274.098498,2.481953062,522.26,3641,0.5802,0.6508,66.6885,0.3331,107341
199,G199,Suriapet,373.9866728,3.175982136,856.27,1922,2.6251,0.7303,74.9666,0.2503,106805
200,G200,Tadepallegudem,443.3545053,3.75887156,629.66,2220,0.4437,0.697,71.3179,0.2868,104032
201,G201,Kalyani,453.2190327,3.991076492,1573.39,6639,0.5916,0.6395,68.8544,0.3115,100575
202,G202,Negapatam,441.6324556,3.650448248,558.42,2909,0.6149,0.6731,68.8124,0.3119,102905
203,G203,Bundi,208.5611422,1.871645681,670.85,1562,2.529,0.7567,77.127,0.2287,103286
204,G204,Bhadreswar,931.2608728,8.191592267,2326.56,6456,1.9227,0.6437,71.5452,0.2845,101477
205,G205,Chilakalurupet,323.7678628,2.734730837,650.74,1366,0.6437,0.7156,73.1172,0.2688,101398
206,G207,Gangtok,423.0573201,3.857892738,207.8,2240,0.1965,0.5906,59.8168,0.4018,100286
207,G208,Dhulian,260.248756,2.321402777,987.12,2208,1.082,0.7411,76.3607,0.2364,95706
208,G209,Kohima,401.3241479,3.608238024,668.23,1609,1.1752,0.759,77.3293,0.2267,99039
209,G210,Marmagao,201.7721392,1.698673258,84.94,554,0.0238,0.6818,68.4104,0.3159,94393
210,G211,Jangipur,266.9333497,2.377129721,805.23,2605,0.4868,0.6978,71.9164,0.2808,88165
211,G212,Baj Baj,139.3779333,1.22306268,709.94,5562,0.2656,0.6374,65.9644,0.3404,76837
212,G213,Tanuku,329.2297079,2.790098427,841.91,2486,0.6627,0.7041,72.5127,0.2749,77962
213,G214,Siuri,130.3854937,1.156210968,782.13,1872,1.8655,0.7385,75.6502,0.2435,67864
214,G215,Tamluk,133.7079471,1.17180173,439.18,4892,0.2998,0.5907,60.6262,0.3937,65306
215,G216,Bankra,886.0376598,7.783227588,3856.39,5272,7.6276,0.714,80.951,0.1905,63957
216,G217,Nagari,119.647989,0.998233497,406.92,1358,0.2439,0.742,75.0654,0.2493,62253
217,G218,Chakapara,1607.332667,14.119305,5657.7,3508,6.1855,0.6771,83.5228,0.1648,35282
218,G219,Itanagar,109.7921068,0.999181806,671.1,1943,2.3813,0.74,75.5776,0.2442,59490
219,G220,Mundka,1875.131487,17.31046878,3846.41,3198,6.7294,0.6871,79.474,0.2053,54541
220,G221,Baruipur,256.0153366,2.244718408,506.07,4667,0.1597,0.617,63.3718,0.3663,53128
221,G222,Mandapeta,114.1902293,0.968316871,522.87,1820,0.5478,0.6877,70.142,0.2986,56063
222,G223,Bhimunipatnam,159.0419554,1.355977921,430.03,1890,0.3597,0.7059,71.6395,0.2836,55082
223,G224,Pithapuram,246.5479418,2.093376757,451.51,1585,0.501,0.6932,70.4863,0.2951,54859
224,G225,Amalapuram,167.7468019,1.420384,420.98,1814,1.7428,0.6759,68.739,0.3126,53231
225,G226,Bodupal,2305.015704,19.6021159,4132.39,4245,11.4542,0.6905,79.6792,0.2032,43692
226,G227,Gobardanga,125.8049588,1.107008003,76.45,1373,0.0243,0.5146,51.783,0.4822,45377
227,G228,Diamond Harbour,120.2187828,1.052783492,185.22,2170,0.0785,0.5858,59.2423,0.4076,41802
228,G229,Daman,281.3117206,2.434624851,769.66,2381,0.9673,0.7631,77.85,0.2215,39737
229,G230,Amudalavalasa,439.3110993,3.756635236,303.66,1669,0.2119,0.6598,66.8383,0.3316,39799
230,G231,Kankuria,236.428646,2.108565216,929.24,2123,1.0869,0.7415,76.2635,0.2374,36925
231,G232,Pujali,176.4220504,1.547967734,591.13,5436,0.1894,0.6211,64.0467,0.3595,37047
232,G233,Chittaranjan,189.0100196,1.675480344,429.16,2498,0.6269,0.6788,69.1022,0.309,39098
233,G234,Panaji,662.9543036,5.583306739,160.96,853,0.0394,0.6889,69.303,0.307,40017
234,G235,Kaippakancheri,485.421804,4.014643461,420.28,8351,0.0544,0.4875,50.5254,0.4947,33721
235,G236,Sankrail,490.4118112,4.306093773,2710.34,6925,3.0495,0.6839,75.8065,0.2419,29114
236,G237,Elesvaram,79.72122534,0.677487565,187.73,1009,0.4736,0.6567,66.2123,0.3379,32957
237,G238,Tarakeswar,118.9573398,1.046903771,311.18,3518,0.0844,0.5781,58.95,0.4105,30947
238,G239,Nibria,441.020388,3.873508313,2388.05,7016,1.8281,0.681,74.6949,0.2531,27818
239,G240,Kuli,178.5094312,1.593000965,668.74,2206,0.4882,0.7234,73.9728,0.2603,28092
240,G241,Beldanga,60.86104148,0.539747837,719.46,2787,0.7747,0.6863,70.6037,0.294,29205
241,G242,Saranga,320.4564716,2.813191658,1533.94,7290,1.3901,0.6613,70.6233,0.2938,25200
242,G243,Jaynagar-Majilpur,152.2672992,1.333286743,118.46,2193,0.0097,0.4963,50.1448,0.4986,25922
243,G244,Panchla,147.748527,1.297040193,672.17,4981,1.3017,0.6592,67.9095,0.3209,26432
244,G245,Mamidalapadu,861.1262749,7.264434788,1632.1,2886,1.1273,0.7188,75.6443,0.2436,26694
245,G246,Poranki,1024.669863,8.671542122,1598.7,2454,3.108,0.7222,75.9829,0.2402,25545
246,G247,Sundararaopeta,351.3442354,2.978322339,436.03,1445,0.1992,0.706,71.6862,0.2831,24112
247,G248,Tinsukia,162.4105108,1.483124475,948.81,3450,1.2297,0.7137,73.764,0.2624,99507
248,G249,Khambhat,93.33538273,0.818055992,548.4,925,0.7301,0.8053,81.4378,0.1856,98700
249,G250,Aurangabad,258.2926932,2.305592285,769.56,1648,1.1012,0.7786,79.328,0.2067,95929
250,G251,Chakdaha,120.197231,1.059270748,481.72,4902,0.1469,0.5797,59.7206,0.4028,95203
251,G252,Contai,169.6874737,1.481793711,348.38,3952,0.2132,0.6027,61.4672,0.3853,92226
252,G253,Rayachoti,287.6775704,2.407290646,470.06,1029,1.2985,0.7998,80.7497,0.1925,91234
253,G254,Kavali,256.8705044,2.157657308,456.77,1757,0.5464,0.7064,71.7551,0.2824,90099
254,G255,Mancheral,301.5505724,2.585312461,1096.77,2295,2.7745,0.7192,74.3204,0.2568,89935
255,G256,Kairana,71.71586466,0.66656603,465.43,807,1.7179,0.7402,75.1063,0.2489,89000
256,G257,Kadiri,196.9027043,1.648177494,322.53,1028,0.9509,0.7247,73.1986,0.268,89429
257,G258,Madgaon,655.6298204,5.516246026,154.81,1572,0.0205,0.6147,61.9705,0.3803,87650
258,G259,Ootacamund,481.2812235,3.986695233,483.81,2320,0.3224,0.6883,70.0619,0.2994,88430
259,G260,Faridkot,377.1522448,3.549918595,954.33,2404,2.6477,0.7633,78.4508,0.2155,87695
260,G261,Anakapalle,282.2204898,2.40347632,560.74,1781,0.4608,0.7195,73.2597,0.2674,86519
261,G262,Garulia,956.4427221,8.413097806,2372.71,6689,1.9261,0.6428,71.6175,0.2838,85336
262,G263,Sirsilla,243.4379826,2.081253086,579.62,1390,2.6451,0.7412,75.372,0.2463,83186
263,G264,Katoya,123.8140662,1.095738404,572.45,2135,0.5619,0.7279,74.1446,0.2586,81615
264,G265,Kamareddipet,445.0121621,3.803234871,574.26,1353,0.7184,0.7532,76.4977,0.235,80315
265,G266,Bolpur,161.3946791,1.428535496,794.42,3450,1.6539,0.689,71.0731,0.2893,80210
266,G267,Gumla,133.826741,1.179079634,445.92,2366,1.1235,0.6799,69.2083,0.3079,80129
267,G268,Simdega,48.28296121,0.42410225,227.52,1867,0.2696,0.6486,65.5413,0.3446,80129
268,G269,Kottagudem,280.7232364,2.389045483,775.1,2518,2.2167,0.7103,72.9359,0.2706,79819
269,G270,Koch Bihar,438.2220014,3.961358927,765.85,4834,0.9589,0.6627,68.5171,0.3148,77935
270,G271,Bodhan,271.7559486,2.327203881,459.34,1304,1.1098,0.7307,74.0942,0.2591,77573
271,G272,Karur,524.0232511,4.334070434,1735.74,3678,0.7381,0.7407,77.7257,0.2227,76915
272,G273,Mangalagiri,880.1887552,7.447173545,822.07,2453,1.3293,0.6878,70.9448,0.2906,73613
273,G274,Bapatla,152.4725603,1.286614009,448.24,2171,0.5592,0.635,64.8783,0.3512,70777
274,G275,Markapur,128.5201375,1.083691325,474.2,1380,1.6792,0.6983,71.0214,0.2898,71092
275,G276,Malaut,198.1784361,1.856365704,755.45,1294,1.9362,0.758,77.5023,0.225,70958
276,G277,Badvel,391.8733916,3.289246405,368.42,1947,0.2184,0.6789,68.8636,0.3114,70626
277,G278,Jorhat,406.8544717,3.691423147,1484,5987,3.2233,0.6784,72.0973,0.279,69033
278,G279,Basavakalyan,226.2368874,1.92870232,281.46,1040,0.3429,0.7153,72.196,0.278,69717
279,G280,Beypore,531.4778403,4.399082764,867.88,7170,0.1219,0.6119,63.967,0.3603,66883
280,G281,Bishnupur,194.1984688,1.711467812,582.61,2017,1.0496,0.7192,73.3615,0.2664,67783
281,G282,Koratla,115.1518464,0.986967496,530.54,835,2.3878,0.766,77.6416,0.2236,66504
282,G283,Pulivendla,251.5112985,2.107984124,358.69,1093,0.2706,0.7187,72.6944,0.2731,65706
283,G284,Alipur Duar,201.4413614,1.823785575,467.16,4328,0.2039,0.6128,62.8577,0.3714,65232
284,G285,Jaisalmer,424.2597668,3.854891294,391.79,2242,0.6695,0.6475,65.9719,0.3403,65471
285,G286,Tadepalle,1104.026963,9.342765379,1559.84,3255,1.7347,0.7182,75.5381,0.2446,64149
286,G287,Gadwal,187.7082854,1.586594324,419.44,1289,1.3059,0.748,75.6726,0.2433,63177
287,G288,Jatani,641.7156777,5.545122601,420.23,3344,0.1221,0.623,63.652,0.3635,63697
288,G289,Kodad,228.5943845,1.939732407,532.75,1640,1.2689,0.7092,72.2202,0.2778,64234
289,G290,Nawalgarh,307.262824,2.814992828,956.76,4102,2.9317,0.7151,74.0034,0.26,63948
290,G291,Armur,328.0752031,2.811446191,526.65,1198,2.5763,0.7356,74.7223,0.2528,64023
291,G292,Jhargram,106.7928262,0.936906638,326.16,2312,0.1732,0.6418,65.2058,0.3479,61712
292,G293,Wanparti,167.8690115,1.419829189,417.1,955,2.2817,0.7681,77.603,0.224,60949
293,G294,Chamrajnagar,194.7866955,1.616436704,495.93,2277,0.1931,0.693,70.5499,0.2945,60810
294,G295,Ponnuru,318.7601983,2.692136018,341.45,1651,0.3571,0.6448,65.5006,0.345,59913
295,G296,Chandralapadu,182.483757,1.546204469,129.48,445,0.2069,0.6913,69.4639,0.3054,59943
296,G297,Vinukonda,182.9747436,1.545213601,327.58,1289,1.1759,0.6985,70.6726,0.2933,59725
297,G298,Tezpur,201.5240459,1.826620211,1152.94,3678,2.4108,0.7179,74.7382,0.2526,58851
298,G299,Narasapur,358.3316627,3.031852284,349.47,2444,0.0821,0.6541,66.4284,0.3357,58770
299,G300,Panskura,226.5737775,1.98733986,334.48,4256,0.1287,0.5762,58.8547,0.4115,57932
300,G301,Rampur Hat,153.44818,1.363348779,679.34,1583,2.0077,0.7502,76.5128,0.2349,57833
301,G302,Lonavale,307.4214777,2.633814842,663.42,2385,0.2022,0.713,72.9102,0.2709,57698
302,G303,Samalkot,639.8910676,5.431346667,662.27,2374,0.8126,0.6988,71.5596,0.2844,56864
303,G304,Kalna,198.357782,1.74986766,702.03,3433,0.3481,0.6544,67.5498,0.3245,56722
304,G305,Kothapet,155.1563423,1.333873979,434.28,1114,1.2124,0.7332,74.2963,0.257,57583
305,G306,Macherla,226.9180362,1.920409544,339.14,964,0.5979,0.7019,71.0372,0.2896,57290
306,G307,Kandukur,150.8172212,1.268598748,311.02,1504,0.8832,0.6744,68.2802,0.3172,57246
307,G308,Sattenapalle,213.0969418,1.802682607,337.57,891,0.5581,0.6804,68.9483,0.3105,56721
308,G309,Bobbili,109.8892878,0.940521439,293.64,1084,0.3179,0.7111,71.8147,0.2819,56819
309,G310,Vrindavan,524.1359462,4.789947544,858.95,1672,2.1131,0.7302,75.0472,0.2495,56618
310,G311,Gangarampur,205.1745735,1.840682268,341.07,2875,0.1832,0.6295,64.0587,0.3594,56217
311,G312,Kandi,129.1650874,1.145677728,432.61,2719,0.2448,0.6474,66.0767,0.3392,55632
312,G313,Belampalli,134.2215723,1.152000923,364.19,1315,0.5064,0.6949,70.4276,0.2957,55841
313,G314,Pithoragarh,289.1268469,2.692104755,336.83,1959,1.1552,0.6976,70.7021,0.293,56044
314,G315,Puttur,155.0746809,1.294430295,375.74,1223,0.3052,0.7296,73.8042,0.262,54092
315,G316,Islampur,131.8755938,1.191635183,373.85,2192,0.8001,0.6659,67.701,0.323,54340
316,G317,Punganuru,227.1204746,1.895166436,296.92,1400,0.3831,0.6908,69.8335,0.3017,54746
317,G318,Nandod,179.8726901,1.571705862,289.22,1130,0.6152,0.749,75.5282,0.2447,54923
318,G319,Palmaner,341.967067,2.851573794,365.51,1808,0.3376,0.696,70.5111,0.2949,54035
319,G320,Jalor,165.7011834,1.485953014,160.01,803,0.1489,0.707,71.1078,0.2889,54081
320,G321,Kaliyaganj,106.4422377,0.956716407,431.22,3113,0.2114,0.635,64.6234,0.3538,53530
321,G322,Vikarabad,254.6549035,2.16464663,292.29,880,0.6509,0.7468,75.2942,0.2471,53143
322,G323,Baduria,144.9350782,1.27415314,74.86,1541,0.019,0.5049,50.8042,0.492,52493
323,G324,Dholka,125.4370388,1.102584424,583.86,1092,1.6608,0.7873,79.7873,0.2021,53792
324,G325,Tuni,364.1293965,3.095543317,492.42,2207,0.7835,0.6721,68.5649,0.3144,53425
325,G326,Jaggayyapeta,179.5698583,1.522899894,438.01,1600,1.5249,0.7311,74.1016,0.259,53530
326,G327,Venkatagiri,173.511329,1.451432391,261.84,1283,0.4718,0.6919,69.8601,0.3014,52688
327,G328,Sihor,133.7616466,1.167436746,469.97,1428,1.5433,0.7315,74.2155,0.2578,52603
328,G329,Jangaon,340.5044982,2.900471275,422.86,1045,1.3604,0.7237,73.3484,0.2665,52394
329,G330,Mandamari,87.26824392,0.748684855,398.15,1315,0.6799,0.7021,71.2142,0.2879,52352
330,G331,Diu,154.3953767,1.338771262,222.06,941,0.4813,0.7081,71.3554,0.2864,52074
331,G332,Metpalli,124.3544434,1.065903078,412.96,706,1.657,0.7762,78.389,0.2161,50902
332,G333,Repalle,172.9245985,1.460126264,264,1590,0.4943,0.6278,63.6093,0.3639,50866
333,G334,Peddapuram,436.5163242,3.705638324,768.44,2734,0.6121,0.7054,72.439,0.2756,49477
334,G335,Bhadrachalam,285.6666808,2.43269313,550.49,1477,0.6082,0.7134,72.6876,0.2731,50087
335,G336,Ajodhya,351.9748606,3.19497175,959.69,1984,1.4661,0.7491,77.0649,0.2294,49650
336,G337,Bhainsa,226.2275006,1.942177861,339.79,598,1.6014,0.7925,79.8325,0.2017,49764
337,G338,Prattipadu,358.4666099,3.029287373,240.91,827,0.1717,0.6698,67.6547,0.3235,49390
338,G339,Jasdan,179.2966994,1.568392091,352.73,1106,1.0247,0.7485,75.605,0.244,48483
339,G340,Vuyyuru,488.1378729,4.128767665,362.61,1936,0.2389,0.6458,65.6631,0.3434,46490
340,G341,Nandikotkur,156.2362883,1.318233818,362.61,1936,0.2389,0.6458,65.6631,0.3434,46953
341,G342,Dhupgari,160.4694169,1.454079063,282.31,3914,0.3858,0.5601,57.1047,0.429,44719
342,G343,Jammalamadugu,307.4747982,2.581995089,420.04,1092,0.9972,0.7085,71.8558,0.2814,46069
343,G344,Rameswaram,131.6262297,1.083147248,444.61,2192,1.4529,0.6898,70.1028,0.299,44856
344,G345,Murshidabad,83.75214653,0.744173918,340.49,3662,0.2108,0.5741,58.6803,0.4132,44019
345,G346,Sainthia,101.0569281,0.896361967,485.16,1879,0.5809,0.7122,72.4529,0.2755,44601
346,G347,Charkhi Dadri,216.4092996,1.996138503,645.78,1423,1.1812,0.7639,77.771,0.2223,44892
347,G348,Nandigama,305.3653389,2.588298892,305.96,1317,0.2044,0.6676,67.6227,0.3238,44359
348,G349,Nidadavole,451.0853557,3.826128655,490.57,1889,0.3798,0.6889,70.1795,0.2982,43809
349,G350,Addanki,182.023671,1.535397981,278.29,1163,0.7796,0.6885,69.581,0.3042,43850
350,G351,Nilothi,208.8063796,1.930100872,358.89,972,0.4178,0.7446,75.2784,0.2472,43371
351,G352,Mahbubabad,175.1327349,1.490972734,376.12,1980,0.7376,0.6825,69.2635,0.3074,42851
352,G353,Berubari,446.7611917,4.040038882,220.91,6215,0.0217,0.3948,40.6595,0.5934,41593
353,G354,Akbarpur,118.1186635,1.069590769,593.86,1394,2.0548,0.7626,77.5075,0.2249,42248
354,G355,Karsiyang,492.8082876,4.476310252,192.05,2036,0.1191,0.5945,60.1411,0.3986,42446
355,G356,Rajgir,166.4696026,1.489013337,345.23,1152,0.5923,0.7516,75.9065,0.2409,41587
356,G357,Nalhati,99.48425673,0.884775884,601.01,1729,0.5536,0.7223,73.7033,0.263,41534
357,G358,Memari,97.07883518,0.856282334,467.88,2440,0.2454,0.6762,68.9381,0.3106,41451
358,G359,Rajaori,102.1777012,0.990060362,204.59,1274,0.2694,0.7129,71.854,0.2815,41552
359,G360,Pileru,398.7555707,3.331199474,286.2,1480,0.3906,0.6689,67.6737,0.3233,41489
360,G361,Peddapalli,195.3767512,1.672607294,527.21,1318,1.6031,0.7354,74.7185,0.2528,41171
361,G362,Naini Tal,274.5534237,2.551764433,105.8,783,0.1779,0.6823,68.5358,0.3146,41377
362,G363,Kovvur,594.5556887,5.045585242,846.96,1784,0.9583,0.7547,77.2269,0.2277,39667
363,G364,Channarayapatna,321.1833311,2.675097719,339.59,1932,0.4271,0.6832,69.2105,0.3079,40400
364,G365,Maihar,108.527925,0.964983973,438.7,1514,0.7191,0.7225,73.3329,0.2667,40192
365,G366,Junnar,454.8959358,3.907622322,379.54,2586,0.5962,0.6703,68.095,0.319,40000
366,G367,Kalimpong,301.7173806,2.74487141,130.7,1250,0.3439,0.6431,64.7254,0.3527,40143
367,G368,Atmakur,258.2513456,2.179094372,167.13,669,0.4857,0.6851,68.942,0.3106,39794
368,G369,Solan,189.1741438,1.78513278,177.9096,1430,0.3368,0.6728,67.8333,0.3217,39256
369,G370,Vetapalem,256.6188545,2.164296892,662.11,1742,1.434,0.6773,69.5285,0.3047,38671
370,G371,Taki,146.2285527,1.28415174,74.13,1745,0.0361,0.4659,46.9255,0.5307,38263
371,G372,Betamcherla,92.16263576,0.77613196,416.36,832,0.3295,0.7638,77.1852,0.2281,38994
372,G373,Penumur,190.141942,1.586605642,135.52,1024,0.0806,0.6236,62.7817,0.3722,38912
373,G374,Dwarka,222.5453578,1.94955006,252.08,841,0.2576,0.7284,73.4401,0.2656,38873
374,G375,Kadiyam,424.2062674,3.598077387,589.59,2131,0.334,0.7006,71.5444,0.2846,37149
375,G376,Dubrajpur,108.9632381,0.965395706,402.75,1261,0.9899,0.7138,72.4023,0.276,38041
376,G377,Pathanamthitta,677.9193279,5.578335561,316.92,5218,0.2164,0.5321,54.4195,0.4558,37802
377,G378,Sitalkuchi,57.63364168,0.520341673,187.73,3057,0.0776,0.5337,54.1332,0.4587,37052
378,G379,Dalkola,104.1471842,0.937985222,515.09,1829,0.4262,0.7232,73.5931,0.2641,36930
379,G380,Ichchapuram,197.9593468,1.699694551,218.98,968,0.5268,0.6706,67.6621,0.3234,36493
380,G381,Mahe,454.8449912,3.771543916,434.08,5398,0.6009,0.5763,59.15,0.4085,36828
381,G382,Kanigiri,190.8331361,1.606565242,240.68,958,0.8153,0.7029,70.8897,0.2911,37420
382,G383,Dinhata,133.1248326,1.201509113,419.3,4594,0.3026,0.5926,60.7418,0.3926,36124
383,G384,Huzurnagar,130.0927212,1.103338777,302.53,826,1.3035,0.7107,71.8109,0.2819,35850
384,G385,Kodaikanal,223.1156258,1.841114743,184.1,1503,0.1659,0.6208,62.6436,0.3736,36501
385,G386,Udhampur,164.8404128,1.589215871,674.25,3835,0.9539,0.7003,71.9824,0.2802,35507
386,G387,Vempalle,264.878376,2.219532636,156.33,617,0.2966,0.7164,72.0006,0.28,36031
387,G388,Medchal,877.7942861,7.473527923,727.54,2573,0.7621,0.7265,74.3026,0.257,35611
388,G389,Uravakonda,252.1769987,2.118595266,179.21,676,0.6567,0.71,71.4286,0.2857,35565
389,G390,Guskhara,101.0104184,0.892883719,265.72,1763,0.3556,0.6546,66.2609,0.3374,35388
390,G391,Yellandu,190.9979397,1.62589261,272.3,1207,0.7773,0.6707,67.825,0.3217,35056
391,G392,Giddalur,236.367742,1.9897057,243.79,801,0.3648,0.7087,71.4604,0.2854,35150
392,G393,Balarampur,220.9531784,1.996094492,125.32,2918,0.0184,0.4506,45.6602,0.5434,34113
393,G394,Angamali,700.1402831,5.776844912,1175.22,12256,0.2161,0.579,61.948,0.3805,33424
394,G395,Vemalwada,214.3179502,1.833195286,381.01,1312,1.4082,0.7151,72.4183,0.2758,33706
395,G396,Narsipatnam,219.691598,1.870859562,317.96,1447,0.7638,0.6806,68.9159,0.3108,33757
396,G397,Shrirangapattana,375.4919529,3.121675568,384.62,1803,0.1488,0.6889,69.8776,0.3012,34135
397,G398,Shamsabad,1231.169816,10.46146342,713.37,2846,0.7455,0.6969,71.4758,0.2852,32583
398,G399,Almora,429.6885495,4.002451349,160.57,1541,0.3713,0.6245,63.0006,0.37,34122
399,G400,Kondapalle,536.1302751,4.540414171,690.08,2123,0.5136,0.7,71.7521,0.2825,33373
400,G401,Debagram,105.2259456,0.931467853,351.44,2667,0.1518,0.6151,62.6936,0.3731,32695
401,G402,Fatehpur Sikri,210.7858089,1.918143022,277.12,765,0.4861,0.7293,73.5855,0.2641,32905
402,G403,Jamikunta,224.1639453,1.915459171,449.7,1211,0.7542,0.7283,73.8614,0.2614,32645
403,G404,Darsi,148.6470137,1.253593388,221.92,846,0.2554,0.6869,69.2669,0.3073,33418
404,G405,Umaria,201.501386,1.7815948,216.45,1321,0.1546,0.6635,66.9938,0.3301,33114
405,G406,Kovur,707.0185319,5.927443886,1522.04,2716,3.7704,0.7524,78.3824,0.2162,32082
406,G407,Erraguntla,294.5127687,2.470749123,609.89,1455,0.5478,0.7538,76.6142,0.2339,32574
407,G408,Naspur,271.7898808,2.329648763,826,1934,1.6687,0.7224,74.1807,0.2582,31244
408,G409,Kalyandrug,225.4233776,1.890441436,179.81,820,0.2465,0.6966,70.1146,0.2989,32328
409,G410,Mangur,193.0515108,1.646401655,410.18,1253,1.9239,0.7194,72.9205,0.2708,32091
410,G411,Tummapala,256.7408779,2.18691903,549.42,2021,0.4551,0.7155,72.8566,0.2714,31035
411,G412,Pedana,403.2367268,3.408957649,211.97,2059,0.1164,0.5694,57.7075,0.4229,30721
412,G413,Pandua,88.2113335,0.777386338,421.03,2900,0.0869,0.6369,65.017,0.3498,30700
413,G414,Lalgola,109.4278434,0.974113216,469.64,2250,0.5637,0.6826,69.5692,0.3043,31698
414,G415,Mussoorie,281.2342867,2.641384111,90.96,913,0.0402,0.6076,61.0799,0.3892,30118
415,G416,Margram,133.7586925,1.188245224,484.73,1382,0.7173,0.715,72.7206,0.2728,30055
416,G417,Podili,153.4499567,1.293092415,220.18,789,0.4141,0.7057,71.1059,0.2889,31145
417,G418,Uran,457.3020256,3.92113611,539.24,2027,0.2522,0.7274,73.9707,0.2603,30439
418,G419,Mainaguri,152.6571473,1.382934249,252.33,3655,0.1817,0.5565,56.6364,0.4336,30490
419,G420,Egra,143.5130856,1.254254279,197.9,2649,0.1191,0.5782,58.5501,0.4145,30148
420,G421,Leh,348.0197023,3.402698363,229.51,2600,0.1933,0.5554,56.4903,0.4351,30870
421,G422,Chimakurti,453.3592819,3.819967948,330.32,1302,0.1701,0.6897,69.8295,0.3017,30279
422,G423,Koratgi,113.5440693,0.956832049,278.95,1120,0.1584,0.7141,72.071,0.2793,29991
423,G424,Garaimari,104.367144,0.926227193,341.41,3190,0.4829,0.5925,60.4562,0.3954,29260
424,G425,Devarkonda,197.9593305,1.677202105,364.52,1207,1.4284,0.7577,76.5037,0.235,29731
425,G426,Pattikonda,121.1180528,1.019655485,154.1,371,0.3373,0.7606,76.3599,0.2364,29342
426,G427,Atmakur,43.725,0.36679409,171.31,826,0.3243,0.6983,70.2559,0.2974,29419
427,G428,Sonamukhi,110.4184815,0.974658525,290.55,1194,0.4809,0.6944,70.2193,0.2978,29085
428,G429,Khunti,96.97109491,0.854174908,85.44,1103,0.0394,0.5805,58.3565,0.4164,29271
429,G430,Nakrekal,571.4868436,4.853625783,302.22,1393,0.1155,0.6461,65.5002,0.345,29126
430,G431,Kodumur,129.9729045,1.095669963,179.2628,541,0.3065,0.7295,73.3481,0.2665,28828
431,G432,Srungavarapukota,127.226021,1.086101356,166.41,972,0.227,0.6662,67.0815,0.3292,28304
432,G433,Kalwakurti,105.5166055,0.893757093,188.26,894,0.1601,0.6802,68.5181,0.3148,28060
433,G434,Banswada,130.4493262,1.115286656,210.55,965,0.2841,0.6694,67.5172,0.3248,28384
434,G435,Silvassa,307.2827319,2.656869579,1130.18,3883,0.8874,0.754,77.7492,0.2225,27359
435,G436,Kotagiri,248.6765609,2.059970713,254.67,1363,0.1025,0.6914,69.7831,0.3022,28207
436,G437,Ramanayyapeta,80.82253103,0.686981493,148.19,716,0.429,0.6666,67.0783,0.3292,28369
437,G438,Tanguturu,338.5790195,2.849592257,233.4,1254,0.1479,0.6574,66.4101,0.3359,27652
438,G439,Varandarapilli,625.5687817,5.165079716,570.6,9141,0.1495,0.509,53.2004,0.468,27343
439,G440,Payakaraopeta,147.7577451,1.256563447,98.11,859,0.0536,0.6102,61.3448,0.3866,27001
440,G441,Penukonda,199.4358203,1.669129127,168.91,640,0.4314,0.7283,73.2086,0.2679,27382
441,G442,Bandipura,204.9319859,2.009682885,473.21,1692,0.5879,0.7071,72.0665,0.2793,27482
442,G443,Suluru,172.0921521,1.437953437,276.13,1730,0.212,0.6823,68.9596,0.3104,27504
443,G444,Panchanandapur,15.70420081,0.140361361,287.8,1150,0.105,0.6906,69.8427,0.3016,26358
444,G445,Pamidi,310.8762069,2.611740419,219.67,1061,0.2235,0.6473,65.3711,0.3463,26886
445,G446,Gilarchat,121.2600778,1.061013893,67.18,1482,0.0169,0.4738,47.6793,0.5232,25897
446,G447,Guruzala,88.65800624,0.750692745,232.99,525,0.6267,0.7705,77.4972,0.225,26190
447,G448,Narasannapeta,255.3771293,2.183760026,313.57,1241,0.3644,0.6975,70.5367,0.2946,26280
448,G449,Chintalapudi,272.4724901,2.312890095,136.26,1504,0.1059,0.5739,57.8873,0.4211,25952
449,G450,Renigunta,615.6307267,5.142972046,532.6,2560,0.2598,0.6909,70.453,0.2955,26031
450,G451,Kottapeta,105.0001707,0.889685455,195.65,1279,0.1128,0.6447,65.0502,0.3495,24539
451,G452,Raghunathpur,357.1190036,3.158102023,259.29,1573,0.2745,0.6416,64.983,0.3502,25561
452,G453,Attili,206.4972528,1.749539292,270.98,1350,0.2207,0.6765,68.3864,0.3161,25004
453,G454,Gajwel,261.8973623,2.232488843,228.09,1095,0.8427,0.6872,69.3148,0.3069,24961
454,G455,Singarayakonda,138.3650067,1.164037672,290.2,1642,0.299,0.6491,65.762,0.3424,24324
455,G456,Avanigadda,294.3579252,2.48547119,172.54,1600,0.1078,0.5746,58.0786,0.4192,23737
456,G457,Khed Brahma,87.85069833,0.779697305,323.99,1215,0.4099,0.7026,71.09,0.2891,25001
457,G458,Aklvidu,454.4390512,3.848256002,270.89,1877,0.073,0.6496,65.7592,0.3424,24506
458,G459,Mogalturru,353.4209333,2.990053404,150.42,1993,0.0755,0.5601,56.5722,0.4343,24189
459,G460,Balarampur,44.258,0.390149174,185.64,1035,0.4045,0.6552,66.0779,0.3392,24431
460,G461,Gorantla,136.7482213,1.144015851,179.56,682,0.1843,0.7027,70.7076,0.2929,24586
461,G462,Mummidivaram,92.13516738,0.780412324,88,769,0.0667,0.6407,64.3349,0.3567,23732
462,G463,Khajuraho,170.3018954,1.521117038,221.57,861,0.2193,0.7122,71.783,0.2822,24481
463,G464,Ashwaraopeta,220.0321731,1.869549688,150.15,1155,0.0827,0.6415,64.6119,0.3539,24405
464,G465,Yadiki,108.5093478,0.912027019,155.87,503,0.4129,0.7293,73.2797,0.2672,24018
465,G466,Kosigi,316.6754005,2.671763317,98.14,565,0.3014,0.686,68.8558,0.3114,24165
466,G467,Chandrakona,128.0064263,1.125249569,313.28,2275,0.0699,0.638,64.7957,0.352,23629
467,G468,Gauripur,173.903355,1.568896384,531.01,3594,0.209,0.6387,65.529,0.3447,23477
468,G469,Koilkuntla,142.2268107,1.19643362,160.41,582,0.495,0.7005,70.4474,0.2955,23859
469,G470,Bagula,161.5122998,1.426028095,219.04,3246,0.1483,0.546,55.4606,0.4454,22649
470,G471,Kulgam,204.9640625,1.991883087,471.86,1559,0.4382,0.7338,74.6021,0.254,23584
471,G473,Asafabad,82.13744788,0.706266872,262.07,741,0.9829,0.7492,75.4732,0.2453,23059
472,G474,Abu,113.7368028,1.013830678,160.01,803,0.1489,0.707,71.1078,0.2889,22943
473,G475,Singur,266.7580675,2.346299098,514.91,4436,0.0824,0.6025,62.024,0.3798,21382
474,G476,Curchorem,391.8329846,3.296414074,128.41,2014,0.0511,0.5391,54.4058,0.4559,22730
475,G477,Pushkar,353.7348552,3.202337642,553.34,2215,0.7441,0.6985,71.3522,0.2865,21626
476,G478,Bukkarayasamudram,821.8586197,6.896675384,1048.08,2631,1.6403,0.7009,72.6618,0.2734,22000
477,G479,Ganapavaram,370.905169,3.133404944,656.79,1339,0.7073,0.7117,72.764,0.2724,21457
478,G480,Pamarru,460.4763393,3.894028942,166.4,1748,0.0722,0.5619,56.8076,0.4319,21395
479,G481,Chagallu,458.3062079,3.888653476,445.39,1927,0.2787,0.6958,70.7281,0.2927,21703
480,G482,Sarapaka,283.2918645,2.412760309,563.49,1523,0.6048,0.7123,72.6161,0.2738,22149
481,G483,Pakala,395.4014037,3.300695831,151,1224,0.0544,0.6382,64.2685,0.3573,21565
482,G484,Maruturu,208.8612239,1.763273968,399.42,1385,0.2897,0.7029,71.2848,0.2872,21434
483,G485,Husnabad,134.956504,1.145581931,124.68,625,0.1913,0.6717,67.5138,0.3249,22082
484,G486,Kuppam,216.2828951,1.800348501,359.45,2574,0.2378,0.6542,66.4397,0.3356,21963
485,G487,Madakasira,207.174858,1.732811508,144.31,1053,0.2941,0.6597,66.3778,0.3362,21464
486,G488,Mailavaram,306.6742352,2.599393192,189.37,946,0.4974,0.6427,64.8439,0.3516,21763
487,G489,Tufanganj,101.1593247,0.914467012,239.53,3000,0.1555,0.5817,59.0428,0.4096,20998
488,G490,Nellimarla,628.2877392,5.365054901,457.78,2295,0.2943,0.6621,67.4941,0.3251,20498
489,G491,Kosgi,101.5884734,0.861964329,159.05,714,0.2405,0.7066,71.0429,0.2896,21215
490,G492,Kaikalur,278.6476258,2.35923032,236.72,1243,0.3651,0.6393,64.6526,0.3535,21292
491,G493,Tehata,109.8626331,0.972833487,308.92,1927,0.1022,0.6444,65.3943,0.3461,21093
492,G494,Parkal,123.2080032,1.052289911,284.84,970,1.0686,0.7226,72.9278,0.2707,20257
493,G495,Chagalamarri,122.460051,1.028892344,137.06,461,0.3017,0.7149,71.8107,0.2819,21289
494,G496,Nizampatam,75.24637118,0.634987985,76.82,812,0.0914,0.5692,57.1965,0.428,20982
495,G497,Gannavaram,341.3118823,2.889302557,403.71,1795,0.4615,0.6442,65.6336,0.3437,20728
496,G498,Palkonda,238.1080645,2.038237833,229.11,572,0.5059,0.7192,72.4577,0.2754,20760
497,G499,Achampet,191.2985495,1.620190019,137.46,656,0.1442,0.6463,65.0365,0.3496,20721
498,G500,Banganapalle,144.4395259,1.21551838,300.47,819,0.3673,0.7322,73.8849,0.2612,20749
499,G501,Kamalapuram,283.6308193,2.378929871,161.65,873,0.113,0.6464,65.113,0.3489,20623
500,G502,Vinjamur,118.0323042,0.991090884,84.72,620,0.079,0.6534,65.5827,0.3442,20639
501,G503,Mundra,188.6986167,1.660195603,697.61,1968,0.5784,0.7538,76.8765,0.2312,20338
502,G504,Chandragiri,546.6211775,4.565212109,281.76,1651,0.1634,0.6603,66.8148,0.3319,20299
503,G505,Belur,240.9068527,2.008572637,218.99,1572,0.2564,0.6454,65.1832,0.3482,20225
